name,category,subcategory,address,phone,rating,reviews,website,profileUrl,placeId
City Centre Dentistry,Health & Wellness,,"1 City Centre Dr, Mississauga, ON L5B 1M2, Canada",(905) 277-8808,5,2215,https://1citycentredentistry.com/,https://mississaugainsider.ca/directory/health/city-centre-dentistry-u6puwx/,ChIJf0vTc3JHK4gRByuF7SdvG00
Grey Method - Mississauga,Health & Wellness,,"592 Rathburn Rd W, Mississauga, ON L5B 3A4, Canada",(416) 858-9418,5,682,https://www.greymethod.ca/,https://mississaugainsider.ca/directory/health/grey-method-mississauga-o6zeqm/,ChIJXacOYJdBK4gRC6RpIUcV0X4
"Curezone Physiotherapy | Erin Mills, Mississauga",Health & Wellness,,"3480 Platinum Dr #99, Mississauga, ON L5M 2S4, Canada",(905) 997-4333,5,494,https://curezonephysiotherapy.com/,https://mississaugainsider.ca/directory/health/curezone-physiotherapy-erin-mills-mississauga-iox27a/,ChIJVbD6rW1DK4gRIF1uEX0ee9s
OAK Physio & Wellness,Health & Wellness,,"1 City Centre Dr suite 120, Mississauga, ON L5B 1M2, Canada",(289) 814-1918,5,430,https://oakphysiowellness.ca/mississauga/,https://mississaugainsider.ca/directory/health/oak-physio-and-wellness-hiv06g/,ChIJOfRickZHK4gR25RVuSpjgEc
Credit River Dental Centre - Port Credit,Health & Wellness,,"114 Lakeshore Rd E #3, Mississauga, ON L5G 1E4, Canada",(905) 278-4297,5,317,https://creditriverdental.com/,https://mississaugainsider.ca/directory/health/credit-river-dental-centre-port-credit-p71pd9/,ChIJbUdsUm1GK4gRlSMMqgN0v44
Core Therapeutics Physiotherapy,Health & Wellness,,"29 Tannery St, Mississauga, ON L5M 1V1, Canada",(905) 858-8000,5,213,http://www.core-therapeutics.ca/,https://mississaugainsider.ca/directory/health/core-therapeutics-physiotherapy-q0z5yt/,ChIJEXVJ3LhBK4gRhqKk-uDN5zI
Clarkson Medical Arts Centre,Health & Wellness,,"1020 Johnsons Ln a6, Mississauga, ON L5J 2P7, Canada",(905) 855-0988,5,170,http://www.clarksonmedicalarts.com/,https://mississaugainsider.ca/directory/health/clarkson-medical-arts-centre-4y58uh/,ChIJbVcJx0VEK4gRuGaPYkVWAUM
Lorne Park Integrated Health,Health & Wellness,,"1150 Lorne Park Rd #12, Mississauga, ON L5H 3A5, Canada",(905) 891-2288,5,165,https://www.lorneparkchiropractic.com/,https://mississaugainsider.ca/directory/health/lorne-park-integrated-health-xihntf/,ChIJ740gZTdEK4gRYC-pa4CBRk4
Mississauga Road Physiotherapy Clinic,Health & Wellness,,"128 Queen St S #8, Mississauga, ON L5M 1K8, Canada",(905) 813-9894,5,156,https://www.mississaugardphysio.ca/,https://mississaugainsider.ca/directory/health/mississauga-road-physiotherapy-clinic-hd2ulu/,ChIJFw0vx99BK4gRE9e-c0tvzv4
Pro-Med Rehabilitation Centre,Health & Wellness,,"3034 Palstan Rd Unit 205, Mississauga, ON L4Y 2Z6, Canada",(905) 275-5656,5,156,https://promedrehabilitation.com/,https://mississaugainsider.ca/directory/health/pro-med-rehabilitation-centre-t1av2q/,ChIJ_6hK8JZHK4gRKiSHkr7eVwo
Therapic Physiotherapy Clinic - Clarkson - Mississauga,Health & Wellness,,"1020 Johnsons Ln a2, Mississauga, ON L5J 2P7, Canada",(905) 301-3808,5,127,https://www.therapic.ca/physiotherapy-in-clarkson-mississauga,https://mississaugainsider.ca/directory/health/therapic-physiotherapy-clinic-clarkson-mississauga-ieoo4d/,ChIJAVQ_cn6bLIgR5ba1zJ1u3m0
In Path Dental - Inclusive & Integrative Care,Health & Wellness,,"1744 Lakeshore Rd W Unit 2, Mississauga, ON L5J 4N8, Canada",(905) 855-9111,5,121,http://www.inpathdental.com/,https://mississaugainsider.ca/directory/health/in-path-dental-inclusive-and-integrative-care-zhomr3/,ChIJvc-4_A1FK4gRnmbZ0OqFxpw
Van Rehab Physiotherapy,Health & Wellness,,"2980 Drew Rd Unit 127, Mississauga, ON L4T 0A7, Canada",(905) 672-0403,5,117,https://vanrehab.com/,https://mississaugainsider.ca/directory/health/van-rehab-physiotherapy-ys4x9a/,ChIJ_wQ5t6A9K4gROc2d8bT5hPg
Pure Physiotherapy,Health & Wellness,,"1136 Lorne Park Rd, Mississauga, ON L5H 3C8, Canada",(905) 891-7873,5,104,http://www.purephysio.ca/,https://mississaugainsider.ca/directory/health/pure-physiotherapy-rh1o2q/,ChIJMWYz-nNGK4gR7yUhzxL6TkU
Cornerstone Physiotherapy - Port Credit,Health & Wellness,,"215 Lakeshore Rd W Unit 9, Mississauga, ON L5H 0A7, Canada",(416) 847-5057,5,84,https://cornerstonephysio.com/locations/port-credit/,https://mississaugainsider.ca/directory/health/cornerstone-physiotherapy-port-credit-1havym/,ChIJcXVagS5HK4gRwGaJ2NxGiMo
Rishaan Physio & Wellness Clinic- Physiotherapy Clinic in Mississauga,Health & Wellness,,"5105 Hurontario St Unit No 7, Mississauga, ON L4Z 0C9, Canada",(905) 800-1661,5,82,https://rishaanphysio.com/,https://mississaugainsider.ca/directory/health/rishaan-physio-and-wellness-clinic-physiotherapy-clinic-in-m-ykjwx4/,ChIJL6yOdnBBK4gRK5vhjzkxZJU
Total Wellness Clinic,Health & Wellness,,"1 Glenn Hawthorne Blvd Unit 4, Mississauga, ON L5R 4J9, Canada",(905) 502-9444,5,54,https://totalwellnessclinics.ca/,https://mississaugainsider.ca/directory/health/total-wellness-clinic-g128oa/,ChIJryl1oH1BK4gRTVF2Pf1VbBc
Physio Rehab Clinic,Health & Wellness,,"6005 Erin Mills Pkwy Suite 105, Mississauga, ON L5N 0G5, Canada",(905) 826-8776,5,50,http://www.physiorehabclinic.ca/,https://mississaugainsider.ca/directory/health/physio-rehab-clinic-vqh1iq/,ChIJid3XngNBK4gR-wobYPRrMyY
Better Living Physiotherapy & Rehabilitation Centre,Health & Wellness,,"3476 Glen Erin Dr Ste 220, Mississauga, ON L5L 3R4, Canada",(905) 569-6431,5,44,https://betterlivingphysio.ca/,https://mississaugainsider.ca/directory/health/better-living-physiotherapy-and-rehabilitation-centre-ckdfe2/,ChIJK_ZIAclDK4gRk9mYfFw1gWE
Retrieve Physiotherapy,Health & Wellness,,"760 Lakeshore Rd E Unit 107, Mississauga, ON L5E 1C7, Canada",(289) 217-8303,5,44,https://retrievephysiotherapy.ca/,https://mississaugainsider.ca/directory/health/retrieve-physiotherapy-4lk6i7/,ChIJzxmgIluYYyIRNSFBz3_m39k
Peak Form Physio and Wellness Clarkson,Health & Wellness,,"950 Southdown Rd Unit B2, Mississauga, ON L5J 2Y4, Canada",(905) 855-0100,5,40,https://www.peakformphysio.com/,https://mississaugainsider.ca/directory/health/peak-form-physio-and-wellness-clarkson-x3pb7s/,ChIJbXlW82JFK4gRp7ZrVfxxDSw
Dun-Dix Healthcare | Mississauga,Health & Wellness,,"1370 Dundas St E #201, Mississauga, ON L4Y 4G4, Canada",(905) 232-1166,5,32,https://dundixhealthcare.ca/,https://mississaugainsider.ca/directory/health/dun-dix-healthcare-mississauga-u2ej35/,ChIJZfdK2ZJHK4gREYKlcjf99-w
Port Credit Physio & Rehab,Health & Wellness,,"268 Lakeshore Rd E #300, Mississauga, ON L5G 1H1, Canada",(289) 497-8334,5,30,https://www.portcreditphysio.ca/,https://mississaugainsider.ca/directory/health/port-credit-physio-and-rehab-hjhva7/,ChIJd0RrsepHK4gRPrB9hYEfC2I
Clarkson Dental Centre,Health & Wellness,,"1020 Johnsons Ln, Mississauga, ON L5J 2P7, Canada",(905) 403-8118,5,17,http://www.clarksondental.ca/,https://mississaugainsider.ca/directory/health/clarkson-dental-centre-fuq3ji/,ChIJe-mju0VEK4gRoiyZMVtqSdI
Proremedy Physiotherapy Streetsville,Health & Wellness,,"63 Queen St S #10, Mississauga, ON L5M 3S9, Canada",(647) 614-4648,5,11,https://proremedyphysio.com/physiotherapy-in-streetsville/,https://mississaugainsider.ca/directory/health/proremedy-physiotherapy-streetsville-szxq4e/,ChIJ5SRxr7xBK4gREMK-keicnZU
DS Dental Meadowvale,Health & Wellness,,"7125 Mississauga Rd Unit 100, Mississauga, ON L5N 0C2, Canada",(289) 276-9410,5,11,https://www.dsdental.ca/meadowvale/,https://mississaugainsider.ca/directory/health/ds-dental-meadowvale-9flbgd/,ChIJ_UCQLwZrK4gRpaWVRoXWFGk
PhysioNow - Clarkson Village,Health & Wellness,,"1900 Lakeshore Rd W #7a, Mississauga, ON L5J 1J7, Canada",(905) 403-0300,5,9,https://www.physionow.ca/,https://mississaugainsider.ca/directory/health/physionow-clarkson-village-mys26c/,ChIJxwHPqRlFK4gRivhQtE-5qKI
Lakeshore Physiotherapy & Acupuncture,Health & Wellness,,"730 Lakeshore Rd W, Mississauga, ON L5H 1H7, Canada",(905) 274-9354,5,8,http://www.lakeshorephysioandacupuncture.com/,https://mississaugainsider.ca/directory/health/lakeshore-physiotherapy-and-acupuncture-hlb5w4/,ChIJr0jIZNFFK4gRFW9wh10qII8
Clarkson Smiles Dental Mississauga,Health & Wellness,,"1601 Lakeshore Rd W #1B, Mississauga, ON L5J 1J4, Canada",(905) 271-1530,5,5,https://clarksonsmiles.com/,https://mississaugainsider.ca/directory/health/clarkson-smiles-dental-mississauga-ba0sd6/,ChIJdR0KK41FK4gR5YW0gkmKmtA
Derry Dental,Health & Wellness,,"3427 Derry Rd E #200, Mississauga, ON L4T 4H7, Canada",(905) 672-1662,5,4,,https://mississaugainsider.ca/directory/health/derry-dental-ecd04g/,ChIJ0elnDpI7K4gRAc9jFW-jOro
Port Credit Therapy Centre,Health & Wellness,,"12 Front St S, Mississauga, ON L5H 2C4, Canada",(289) 643-0922,5,1,http://www.portcredittherapycentre.com/,https://mississaugainsider.ca/directory/health/port-credit-therapy-centre-xl928w/,ChIJY16up3JGK4gROvSxO14psiQ
Malton Spine Clinic and Chronic Pain Centre,Health & Wellness,,"3427 Derry Rd E, Mississauga, ON L4T 4H7, Canada",(905) 672-1333,5,1,,https://mississaugainsider.ca/directory/health/malton-spine-clinic-and-chronic-pain-centre-oo561z/,ChIJzSqvJOk7K4gReu909dI0Pw0
"Curezone Physiotherapy | Heartland, Mississauga",Health & Wellness,,"812 Britannia Rd W Ste 110, Mississauga, ON L5V 0A6, Canada",(905) 997-4333,4.9,1422,https://www.curezonephysiotherapy.com/,https://mississaugainsider.ca/directory/health/curezone-physiotherapy-heartland-mississauga-62is5f/,ChIJ12-lLMBBK4gRzSfRTmxwVDI
AHC WELLNESS CLINIC - Mississauga,Health & Wellness,,"2318 Dunwin Dr #11, Mississauga, ON L5L 1C7, Canada",(905) 569-8885,4.9,812,https://www.ahcwellnessclinic.com/,https://mississaugainsider.ca/directory/health/ahc-wellness-clinic-mississauga-mwmcky/,ChIJ2eHIV6dDK4gRHZY5hBmhDxw
Triangle Physiotherapy Erin Mills,Health & Wellness,,"2520 Eglinton Ave W Unit 205, Mississauga, ON L5M 0Y4, Canada",(905) 677-8585,4.9,757,https://www.trianglephysiotherapy.com/,https://mississaugainsider.ca/directory/health/triangle-physiotherapy-erin-mills-cz7mwy/,ChIJ35XE75lBK4gRmWUtbyswhhc
Erinwood Dental - Dunwin Clinic,Health & Wellness,,"2155 Dunwin Dr #1, Mississauga, ON L5L 4M1, Canada",(905) 855-7828,4.9,733,https://www.erinwooddental.com/,https://mississaugainsider.ca/directory/health/erinwood-dental-dunwin-clinic-o8bvpj/,ChIJD4QydL5DK4gRcG9ewcyKdic
Southdown Dental,Health & Wellness,,"1375 Southdown Rd Ste 8, Mississauga, ON L5J 2Z1, Canada",(905) 822-4198,4.9,554,http://southdowndental.com/?utm_source=google&utm_medium=gmb,https://mississaugainsider.ca/directory/health/southdown-dental-cetrjj/,ChIJK1AbzGREK4gRVGOSfABPJ48
Physiocare & Rehab Meadowvale,Health & Wellness,,"6590 Meadowvale Town Centre Cir Unit J7, Mississauga, ON L5N 4B7, Canada",(905) 593-9118,4.9,524,https://www.physiocare.ca/,https://mississaugainsider.ca/directory/health/physiocare-and-rehab-meadowvale-x5pa95/,ChIJl_pvIWtqK4gR9HlrEPEQj0Y
Onyx Dental,Health & Wellness,,"2555 Erin Centre Blvd Unit 12, Mississauga, ON L5M 5H1, Canada",(905) 567-4999,4.9,500,https://onyxdental.ca/,https://mississaugainsider.ca/directory/health/onyx-dental-hyl2wf/,ChIJjXWoWI5BK4gRRXD_xB9jByA
Malton Family Dental,Health & Wellness,,"2980 Drew Rd #128, Mississauga, ON L4T 0A7, Canada",(647) 370-1775,4.9,444,https://maltonfamilydental.ca/,https://mississaugainsider.ca/directory/health/malton-family-dental-txwlji/,ChIJr48quwc8K4gRKhL7sqTNezo
Meadowvale Physiotherapy & Rehabilitation Centre,Health & Wellness,,"3080 Windwood Dr. Unit 5, Mississauga, ON L5N 2K5, Canada",(905) 826-5228,4.9,438,https://www.meadowvalephysio.ca/?utm_source=Google+Business+Profile&utm_medium=Google+Business+Profile&utm_campaign=Google+Business+Profile,https://mississaugainsider.ca/directory/health/meadowvale-physiotherapy-and-rehabilitation-centre-iig57g/,ChIJW6MBAllrK4gR3v9HrRLosdA
Health First Group - Mississauga,Health & Wellness,,"6981 Millcreek Dr Unit 7 & 8, Mississauga, ON L5N 6B8, Canada",(905) 821-0262,4.9,401,http://www.healthfirstgroup.ca/,https://mississaugainsider.ca/directory/health/health-first-group-mississauga-kyxn7o/,ChIJpXUoRmBqK4gRiKXoyCTR9b4
Dentistry on Lakeshore,Health & Wellness,,"321 Lakeshore Rd W, Mississauga, ON L5H 1G9, Canada",(905) 278-0100,4.9,395,https://dentistryonlakeshore.com/,https://mississaugainsider.ca/directory/health/dentistry-on-lakeshore-bk9bk8/,ChIJha3TiddFK4gROsl7zJveI9w
Elite Physio,Health & Wellness,,"10 Falconer Dr Unit 2, Mississauga, ON L5N 3L8, Canada",(905) 997-8337,4.9,367,http://www.elitephysio.ca/,https://mississaugainsider.ca/directory/health/elite-physio-ulyxgp/,ChIJq6qqTolBK4gRuM_x6t1KHV0
Mississauga Pelvic Health,Health & Wellness,,"3662 Hurontario St Unit-#3, Mississauga, ON L5A 4A1, Canada",(905) 565-2939,4.9,354,https://www.mississaugapelvichealth.com/,https://mississaugainsider.ca/directory/health/mississauga-pelvic-health-3alz14/,ChIJVdq4wgibLIgRP5As8PZVfdI
Goreway Physiotherapy & Rehabilitation,Health & Wellness,,"7330 Goreway Dr Unit 20, Mississauga, ON L4T 4J2, Canada",(905) 612-8222,4.9,315,http://gorewayphysiotherapy.com/,https://mississaugainsider.ca/directory/health/goreway-physiotherapy-and-rehabilitation-2y7m6j/,ChIJKyPTufI7K4gRHwRmOWSqq8M
Pacific Physiotherapy,Health & Wellness,,"735 Twain Ave Unit 9, Mississauga, ON L5W 1X1, Canada",(905) 956-2233,4.9,311,https://pacificphysiotherapy.ca/,https://mississaugainsider.ca/directory/health/pacific-physiotherapy-ubcrvm/,ChIJOWISUPc_K4gR5Qw0d9Vpkec
Clarkson Village Dental Clinic,Health & Wellness,,"1098 Clarkson Rd N, Mississauga, ON L5J 2V9, Canada",(905) 855-2622,4.9,277,https://clarksondentist.com/,https://mississaugainsider.ca/directory/health/clarkson-village-dental-clinic-dsrlg4/,ChIJVyu7q5ABWkARsohaeK_DvNA
Iona Dental Mississauga,Health & Wellness,,"1585 Mississauga Vly Blvd Unit 3, Mississauga, ON L5A 3W9, Canada",(289) 805-3509,4.9,277,https://www.ionadental.ca/?utm_source=GMB_Listing&utm_medium=organic&utm_campaign=Website_URL,https://mississaugainsider.ca/directory/health/iona-dental-mississauga-3wzmfu/,ChIJN_HHtRhHK4gRq4WW0Vca4Yo
New Age Physio,Health & Wellness,,"829 Browns Line, Etobicoke, ON M8W 3V7, Canada",(647) 351-8300,4.9,276,https://newagephysio.com/,https://mississaugainsider.ca/directory/health/new-age-physio-v503m1/,ChIJv54-xxpIK4gRCz4J-fwP2xY
Millway Dental,Health & Wellness,,"3200 Erin Mills Pkwy, Mississauga, ON L5L 1W8, Canada",(905) 607-4333,4.9,248,https://www.millwaydental.com/,https://mississaugainsider.ca/directory/health/millway-dental-goy5f6/,ChIJgbFN1ulDK4gRMFSOfJSG448
Dr Sahar Dentistry Mississauga,Health & Wellness,,"6005 Erin Mills Pkwy #103, Mississauga, ON L5N 0G5, Canada",(437) 494-8306,4.9,237,http://sahardentistryerinmills.ca/,https://mississaugainsider.ca/directory/health/dr-sahar-dentistry-mississauga-gv09bi/,ChIJ60fz0rJBK4gRdVLL7KiuI2k
Clarkson Sports and Physiotherapy,Health & Wellness,,"1400 Lakeshore Rd W, Mississauga, ON L5J 1J1, Canada",(905) 855-8372,4.9,234,http://clarksonphysio.ca/,https://mississaugainsider.ca/directory/health/clarkson-sports-and-physiotherapy-0q1hiy/,ChIJx9w27khEK4gR7UQoty_kZd8
Proremedy Physiotherapy,Health & Wellness,,"190 Robert Speck Pkwy #200, Mississauga, ON L4Z 3K3, Canada",(905) 796-4647,4.9,202,https://proremedyphysio.com/physiotherapy-mississauga/,https://mississaugainsider.ca/directory/health/proremedy-physiotherapy-e9epz7/,ChIJgb1mccFHK4gR_6BEh0rlLJ0
Westwood Dental,Health & Wellness,,"7205 Goreway Dr #17C, Mississauga, ON L4T 2T9, Canada",(905) 677-7133,4.9,194,http://www.westwooddentaloffice.ca/?utm_source=google&utm_medium=gmb,https://mississaugainsider.ca/directory/health/westwood-dental-e60ieo/,ChIJKTdyru07K4gRUkJPIOOQBEY
Lakeview Dentistry - Dr. Dat Phung,Health & Wellness,,"515 Lakeshore Rd E, Mississauga, ON L5G 1H9, Canada",(905) 271-8886,4.9,177,http://lakeviewdentistrydds.com/,https://mississaugainsider.ca/directory/health/lakeview-dentistry-dr-dat-phung-hbehib/,ChIJ9Z1VUCNGK4gRKiNfL-nb-_g
Erin Mills Dental Centre,Health & Wellness,,"6400 Millcreek Dr, Mississauga, ON L5N 3E7, Canada",(905) 858-8818,4.9,175,http://www.erinmillsdental.com/,https://mississaugainsider.ca/directory/health/erin-mills-dental-centre-8gj03l/,ChIJA5-KNNZBK4gRRlyCP-YHiGc
Argentia Dental Centre,Health & Wellness,,"332 Queen St S, Mississauga, ON L5M 1M2, Canada",(905) 608-0608,4.9,174,http://www.argentiadental.com/,https://mississaugainsider.ca/directory/health/argentia-dental-centre-b8mowp/,ChIJg-YVJ71BK4gRoc7QnrmIZqY
Dentistry At Clarkson - Clarkson Village Mississauga Dentist,Health & Wellness,,"960 Southdown Rd c3, Mississauga, ON L5J 2Y4, Canada",(905) 823-7855,4.9,163,http://dentistryatclarkson.com/,https://mississaugainsider.ca/directory/health/dentistry-at-clarkson-clarkson-village-mississauga-dentist-bq46x8/,ChIJb6APs4pEK4gRDtopq_WaHqQ
PhysioCare & Rehab (Credit Valley Town Plaza),Health & Wellness,,"6085 Creditview Rd, Mississauga, ON L5V 2A8, Canada",(905) 816-0006,4.9,161,http://www.physiocare.ca/,https://mississaugainsider.ca/directory/health/physiocare-and-rehab-credit-valley-town-plaza-kl3jna/,ChIJq6pqXUlAK4gR4ZUqnt0hudw
Lakeview Denture Clinic,Health & Wellness,,"567 Lakeshore Rd E, Mississauga, ON L5G 0A8, Canada",(905) 278-9898,4.9,152,http://www.lakeviewdentureclinic.ca/,https://mississaugainsider.ca/directory/health/lakeview-denture-clinic-7lrqj8/,ChIJtQroH3FHK4gRHa_EX-U5S-c
"SR Dental Cooksville, Mississauga",Health & Wellness,,"3025 Hurontario St Unit 102, Mississauga, ON L5A 2H1, Canada",(289) 724-2860,4.9,144,https://www.srdental.ca/dentist-cooksville-mississauga/?utm_source=GMB_Listing&utm_medium=organic&utm_campaign=Website_URL,https://mississaugainsider.ca/directory/health/sr-dental-cooksville-mississauga-nvmhud/,ChIJOZhRoCtHK4gRJjWRFGAfJq4
Delta Physiotherapy & Rehab - Erin Mills Mississauga,Health & Wellness,,"2400 Dundas St W Unit 16, Mississauga, ON L5K 2R8, Canada",(905) 822-9898,4.9,143,https://www.deltaphysiotherapy.ca/,https://mississaugainsider.ca/directory/health/delta-physiotherapy-and-rehab-erin-mills-mississauga-vx9h3t/,ChIJP-gHTSFDK4gR0dfdZfHVMjw
Port Credit Smiles,Health & Wellness,,"150 Lakeshore Rd W #102, Mississauga, ON L5H 3R2, Canada",(905) 274-4151,4.9,138,http://www.portcreditsmiles.ca/,https://mississaugainsider.ca/directory/health/port-credit-smiles-ch0fhk/,ChIJUalqunZGK4gRzFKn8whUp_c
MyHealth Care Centre,Health & Wellness,,"137 Queen St E, Port Credit, ON L5G 1N1, Canada",(905) 271-9333,4.9,136,https://www.myhealth.ca/,https://mississaugainsider.ca/directory/health/myhealth-care-centre-4vrix7/,ChIJuQUe8rxBK4gRTPiJHeuKj94
Functional Body Institute Clarkson,Health & Wellness,,"1728 Lakeshore Rd W, Mississauga, ON L5J 1J5, Canada",(905) 916-8800,4.9,133,https://functionalbodyinstitute.ca/,https://mississaugainsider.ca/directory/health/functional-body-institute-clarkson-2yc4tu/,ChIJw8iMo-NFK4gRJPkLhg9KRc0
ARC Physio Health Clinic,Health & Wellness,,"2520 Eglinton Ave W Unit 5-6, Mississauga, ON L5M 0Y4, Canada",(905) 997-0113,4.9,127,https://arcphysiohealth.ca/,https://mississaugainsider.ca/directory/health/arc-physio-health-clinic-ea7jqf/,ChIJcR6wxIhBK4gRiBFiJtw6_qs
Kingsbridge Physiotherapy Centre,Health & Wellness,,"20 Kingsbridge Garden Cir B2, Mississauga, ON L5R 3K7, Canada",(905) 507-4215,4.9,122,https://www.kingsbridgephysio.ca/,https://mississaugainsider.ca/directory/health/kingsbridge-physiotherapy-centre-l36w14/,ChIJ_VdhtzRHK4gR9o-uDw_bad0
Physiomed Mississauga - Port Credit,Health & Wellness,,"579 Lakeshore Rd E B, Mississauga, ON L5G 0B3, Canada",(905) 271-5757,4.9,105,https://www.physiomed.ca/find-a-clinic/mississauga-port-credit/overview/,https://mississaugainsider.ca/directory/health/physiomed-mississauga-port-credit-2zdf0c/,ChIJVVVVpSRGK4gREJCJfextquY
Sharing Smiles Dental Mississauga,Health & Wellness,,"3115 Glen Erin Dr #6, Mississauga, ON L5L 1J3, Canada",(416) 500-7250,4.9,101,http://sharingsmilesdental.ca/,https://mississaugainsider.ca/directory/health/sharing-smiles-dental-mississauga-ux64u3/,ChIJ92pZct1DK4gRqvOlvM5cmwM
Lakeshore Dentistry - Port Credit,Health & Wellness,,"125 Lakeshore Rd E Unit A-16, Mississauga, ON L5G 1E5, Canada",(905) 990-8500,4.9,83,https://lakeshoredentistry.ca/,https://mississaugainsider.ca/directory/health/lakeshore-dentistry-port-credit-7inx5b/,ChIJu-E8wLNHK4gRf6GdH_vUZgs
Parkside Physiotherapy & Rehabilitation Centre,Health & Wellness,,"6870 Goreway Dr # 203, Mississauga, ON L4V 1P1, Canada",(888) 643-1588,4.9,77,https://parksidephysiotherapy.com/physiotherapy-clinic/mississauga-on/,https://mississaugainsider.ca/directory/health/parkside-physiotherapy-and-rehabilitation-centre-w9hxte/,ChIJGbPZIOg7K4gRMUhIBCyIprc
Lakeview Village Dentistry,Health & Wellness,,"1167 Lakeshore Rd E, Mississauga, ON L5E 1G1, Canada",(905) 990-6767,4.9,75,http://www.lakeviewvillagedentistry.com/,https://mississaugainsider.ca/directory/health/lakeview-village-dentistry-snzx94/,ChIJ-4cXGn5IK4gRarELmS2ndfE
Port Credit Dental Mississauga,Health & Wellness,,"224 Lakeshore Rd W, Mississauga, ON L5H 1G6, Canada",(905) 278-7470,4.9,72,https://portcreditdental.com/,https://mississaugainsider.ca/directory/health/port-credit-dental-mississauga-bh2q82/,ChIJUWPRtXdGK4gRGp4qY8Nu9Qk
Fairview Physiotherapy,Health & Wellness,,"3355 Hurontario St #12, Mississauga, ON L5A 4E7, Canada",(905) 832-1192,4.9,66,https://www.fairviewphysiotherapy.com/,https://mississaugainsider.ca/directory/health/fairview-physiotherapy-i9f9od/,ChIJeQkZ7QlHK4gRJilnLy9SufA
Clarkson Care Dental,Health & Wellness,,"1900 Lakeshore Rd W Unit 12, Mississauga, ON L5J 1J7, Canada",(905) 823-4440,4.9,58,http://www.clarksoncaredental.com/,https://mississaugainsider.ca/directory/health/clarkson-care-dental-n27394/,ChIJH3yDa15EK4gRmCxpzgzpt38
Clarkson North Dental,Health & Wellness,,"1575 Clarkson Rd N, Mississauga, ON L5J 2X1, Canada",(905) 819-6951,4.9,48,http://www.mississaugadentalgroup.com/,https://mississaugainsider.ca/directory/health/clarkson-north-dental-p8va0j/,ChIJi8mwq0RFK4gRrn64Y2--z1c
Village Physiotherapy & Rehabilitation Centre,Health & Wellness,,"57 Village Centre Pl, Mississauga, ON L4Z 1V9, Canada",(905) 276-0015,4.9,44,http://villagephysiotherapy.ca/,https://mississaugainsider.ca/directory/health/village-physiotherapy-and-rehabilitation-centre-7vsqyh/,ChIJV0DqwjBHK4gR6AaeyZMsnLg
Port Credit Village Dental,Health & Wellness,,"175 Lakeshore Rd W Suite 13, Mississauga, ON L5H 0A6, Canada",(905) 278-2500,4.9,33,http://www.villageofportcreditdental.com/,https://mississaugainsider.ca/directory/health/port-credit-village-dental-egcmrb/,ChIJH6FOiXNGK4gRpH-lxJq2RAI
ReGen Physio & Wellness,Health & Wellness,,"154 Queen St S Unit #116, Mississauga, ON L5M 2P4, Canada",(647) 960-6088,4.9,27,https://regenphysiotherapy.com/?utm_source=GBP,https://mississaugainsider.ca/directory/health/regen-physio-and-wellness-yhchzd/,ChIJMfOuEV9BK4gRj6dWndcQuCM
Cornerstone Physiotherapy - Mississauga Square One,Health & Wellness,,"5086 Hurontario St, Mississauga, ON L5R 0H5, Canada",(289) 366-0004,4.9,8,https://cornerstonephysio.com/locations/mississauga-square-one/,https://mississaugainsider.ca/directory/health/cornerstone-physiotherapy-mississauga-square-one-27ltby/,ChIJuzc1uxJBK4gRhzTvfp14ACI
Triangle Physiotherapy Mississauga,Health & Wellness,,"4188 Living Arts Dr, Mississauga, ON L5B 0H7, Canada",(905) 270-1400,4.8,1274,https://www.trianglephysiotherapy.com/,https://mississaugainsider.ca/directory/health/triangle-physiotherapy-mississauga-xdeoit/,ChIJE7Jf5SpHK4gRCidx6lTNNrQ
Dr Arun Narang & Associates Smile by Design,Health & Wellness,,"3038 Hurontario St #4, Mississauga, ON L5B 3B9, Canada",(905) 897-1166,4.8,1213,https://www.smilebydesigndental.ca/,https://mississaugainsider.ca/directory/health/dr-arun-narang-and-associates-smile-by-design-ugm2i7/,ChIJHzgSXONGK4gRDPYsM3a6G_0
Milestone Dentistry,Health & Wellness,,"4057 Confederation Pkwy, Mississauga, ON L5B 0M2, Canada",(905) 270-1444,4.8,796,http://www.milestonedentistry.ca/,https://mississaugainsider.ca/directory/health/milestone-dentistry-e69a5n/,ChIJI3j6dQZHK4gRm0ukp6oZxh0
Streetsville Chiropractic,Health & Wellness,,"206b Queen St S, Mississauga, ON L5M 1L3, Canada",(905) 826-0900,4.8,683,https://www.streetsvillechiropractic.com/,https://mississaugainsider.ca/directory/health/streetsville-chiropractic-gqkdms/,ChIJ4eN4arlBK4gRqEzCECby-Bc
PhysioCare & Rehab (Grand Park Plaza),Health & Wellness,,"719 Central Pkwy W #205, Mississauga, ON L5B 4L1, Canada",(905) 272-0909,4.8,586,https://www.physiocare.ca/,https://mississaugainsider.ca/directory/health/physiocare-and-rehab-grand-park-plaza-hkhe2j/,ChIJNQAJes5GK4gReEHoirHGwzs
Meadowvale Dental Group,Health & Wellness,,"6855 Meadowvale Town Centre Cir #308, Mississauga, ON L5N 2Y1, Canada",(905) 826-5900,4.8,406,https://www.meadowvaledental.com/?utm_source=GMB_Listing&utm_medium=organic&utm_campaign=GMB,https://mississaugainsider.ca/directory/health/meadowvale-dental-group-lx4dio/,ChIJ31ioZ2lqK4gR6JooekoePI4
Focus,Health & Wellness,,"2338 Hurontario St #211, Mississauga, ON L5B 1N1, Canada",(416) 961-2001,4.8,378,http://www.focusphysiotherapy.com/locations/mississauga-clinic/,https://mississaugainsider.ca/directory/health/focus-sqccfr/,ChIJJ_1rKllGK4gRPovEKFsqGM0
Confederation Dental,Health & Wellness,,"480 Eglinton Ave W, Mississauga, ON L5R 0G2, Canada",(905) 890-8990,4.8,358,http://www.confederationdental.com/,https://mississaugainsider.ca/directory/health/confederation-dental-6865lt/,ChIJZf2oltpAK4gRWZoZifu6lDA
Pearl Dental Care - Streetsville,Health & Wellness,,"205 Queen St S, Mississauga, ON L5M 1L4, Canada",(647) 493-3682,4.8,351,https://pearldentalcare.ca/?utm_source=GoogleOrganic&utm_medium=GMBwebsite&utm_campaign=GMBWebsiteLink,https://mississaugainsider.ca/directory/health/pearl-dental-care-streetsville-78pr3m/,ChIJDTf1a7lBK4gR0u79NCp20Rs
Delta Physiotherapy & Rehab - Central Parkway Mississauga,Health & Wellness,,"325 Central Pkwy W unit 38, Mississauga, ON L5B 3X9, Canada",(905) 270-3086,4.8,337,https://www.deltaphysiotherapy.ca/,https://mississaugainsider.ca/directory/health/delta-physiotherapy-and-rehab-central-parkway-mississauga-6i9vox/,ChIJ0R_b-tlGK4gRttD_tAR53gQ
Derry Village Physiotherapy And Chiropractic,Health & Wellness,,"7070 St Barbara Blvd #2, Mississauga, ON L5W 0E6, Canada",(905) 670-9188,4.8,331,http://derryphysio.ca/,https://mississaugainsider.ca/directory/health/derry-village-physiotherapy-and-chiropractic-5ipqke/,ChIJWe4aaI0_K4gRn1mcKesMH8g
Physiomed Mississauga - Erin Mills,Health & Wellness,,"6460 Millcreek Dr, Mississauga, ON L5N 2V6, Canada",(905) 542-7442,4.8,283,http://www.physiomed.ca/find-a-clinic/mississauga-erin-mills/overview/,https://mississaugainsider.ca/directory/health/physiomed-mississauga-erin-mills-1hktuj/,ChIJm0h37nhqK4gRRWGtkKweUJ8
Brandon Gate Dental Care - Dentist in Malton,Health & Wellness,,"4025 Brandon Gate Dr, Mississauga, ON L4T 3Z9, Canada",(647) 370-3135,4.8,272,https://www.brandongatedental.com/?utm_source=GMB_Listing&utm_medium=organic&utm_campaign=Website_URL,https://mississaugainsider.ca/directory/health/brandon-gate-dental-care-dentist-in-malton-sv1bha/,ChIJ7WT4v5s7K4gRMbKr4gXjfkA
Parkside Village Dental,Health & Wellness,,"515 Curran Place, Mississauga, ON L5B 0H4, Canada",(905) 232-0360,4.8,245,http://www.parksidevillagedental.com/,https://mississaugainsider.ca/directory/health/parkside-village-dental-15x5fs/,ChIJW9d-VNRGK4gRP2sBcyG9jG0
Dentistry in Streetsville,Health & Wellness,,"100 Queen St S, Mississauga, ON L5M 1K8, Canada",(905) 821-8221,4.8,215,http://dentistryinstreetsville.com/,https://mississaugainsider.ca/directory/health/dentistry-in-streetsville-fa1tnc/,ChIJgR85D7hBK4gRmK6mHIW8BMI
Alleviate Physiotherapy Mississauga,Health & Wellness,,"144 Dundas St W #2, Mississauga, ON L5B 1H9, Canada",(905) 897-3231,4.8,205,https://alleviatephysiotherapy.com/physiotherapy-mississauga/,https://mississaugainsider.ca/directory/health/alleviate-physiotherapy-mississauga-vfjyhf/,ChIJXRnKkVZHK4gRREHRkmAEwZc
Dentistry @ Erin Mills,Health & Wellness,,"2180 Credit Valley Rd, Mississauga, ON L5M 3C9, Canada",(905) 820-2220,4.8,204,https://www.dentistryaterinmills.com/,https://mississaugainsider.ca/directory/health/dentistry-erin-mills-szi83t/,ChIJ-VbWOodBK4gR2oAfCD2PQ8g
Goreway Dental Centre - Malton,Health & Wellness,,"7125 Goreway Dr #206, Mississauga, ON L4T 4H3, Canada",(289) 902-5843,4.8,177,http://gorewaydental.ca/?utm_source=GoogleOrganic&utm_medium=GMBwebsite&utm_campaign=GMBWebsiteLink,https://mississaugainsider.ca/directory/health/goreway-dental-centre-malton-j4cgy9/,ChIJd4u7Pew7K4gRaXRRHfZs1jY
Dentistry@Mills,Health & Wellness,,"6005 Erin Mills Pkwy #106, Mississauga, ON L5N 0G5, Canada",(905) 813-8947,4.8,153,https://www.dentistryatmills.ca/,https://mississaugainsider.ca/directory/health/dentistry-mills-m73a6n/,ChIJw-7pp4dBK4gRXGTnMJ7t5L4
